{"cameraMode":{"drawMode":0,"name":"Shaded","section":"Shading Mode"},"sceneLighting":false,"audioPlay":false,"sceneViewState":{"showFog":true,"showMaterialUpdate":false,"showSkybox":false,"showFlares":true,"showImageEffects":true,"showParticleSystems":true,"showVisualEffectGraphs":true,"m_FxEnabled":true},"in2DMode":false,"pivot":{"x":4.3438029289245609,"y":2.220271348953247,"z":4.250429153442383},"rotation":{"x":0.6260678768157959,"y":-0.0011695530265569687,"z":0.0009390768827870488,"w":0.7797678112983704},"size":5.159662246704102,"orthographic":false}