{"cameraMode":{"drawMode":0,"name":"Shaded","section":"Shading Mode"},"sceneLighting":true,"audioPlay":false,"sceneViewState":{"showFog":true,"showMaterialUpdate":false,"showSkybox":true,"showFlares":true,"showImageEffects":true,"showParticleSystems":true,"showVisualEffectGraphs":true,"m_FxEnabled":true},"in2DMode":false,"pivot":{"x":2.679072380065918,"y":2.5788097381591799,"z":7.590710639953613},"rotation":{"x":0.6260678768157959,"y":-0.0011695530265569687,"z":0.0009390768827870488,"w":0.7797678112983704},"size":16.030399322509767,"orthographic":false}