{"cameraMode":{"drawMode":0,"name":"Shaded","section":"Shading Mode"},"sceneLighting":true,"audioPlay":false,"sceneViewState":{"showFog":true,"showMaterialUpdate":false,"showSkybox":true,"showFlares":true,"showImageEffects":true,"showParticleSystems":true,"showVisualEffectGraphs":true,"m_FxEnabled":true},"in2DMode":false,"pivot":{"x":5.210575103759766,"y":-8.255672454833985,"z":11.743169784545899},"rotation":{"x":0.6672419905662537,"y":0.0011173004750162364,"z":-0.0010008729295805097,"w":0.7448400259017944},"size":25.338911056518556,"orthographic":false}