{"cameraMode":{"drawMode":0,"name":"Shaded","section":"Shading Mode"},"sceneLighting":true,"audioPlay":false,"sceneViewState":{"showFog":true,"showMaterialUpdate":false,"showSkybox":true,"showFlares":true,"showImageEffects":true,"showParticleSystems":true,"showVisualEffectGraphs":true,"m_FxEnabled":true},"in2DMode":false,"pivot":{"x":2.4072248935699465,"y":74.71599578857422,"z":9.445241928100586},"rotation":{"x":0.7011365294456482,"y":-0.0032084775157272817,"z":0.0031551041174679996,"w":0.7130123376846314},"size":4.4743971824646,"orthographic":false}