{"cameraMode":{"drawMode":0,"name":"Shaded","section":"Shading Mode"},"sceneLighting":true,"audioPlay":false,"sceneViewState":{"showFog":true,"showMaterialUpdate":false,"showSkybox":true,"showFlares":true,"showImageEffects":true,"showParticleSystems":true,"showVisualEffectGraphs":true,"m_FxEnabled":true},"in2DMode":false,"pivot":{"x":1.8969557285308838,"y":-77.14280700683594,"z":5.266972541809082},"rotation":{"x":0.7106987237930298,"y":-0.002742532640695572,"z":0.0027703731320798399,"w":0.7034837007522583},"size":64.45052337646485,"orthographic":false}